{
  "compilation_error": {
    "precision": 0.6,
    "recall": 0.23076923076923078,
    "f1-score": 0.33333333333333337,
    "support": 26,
    "confused_with": {}
  },
  "runtime_error": {
    "precision": 1.0,
    "recall": 0.38,
    "f1-score": 0.5507246376811594,
    "support": 50,
    "confused_with": {}
  },
  "os": {
    "precision": 0.9411764705882353,
    "recall": 0.8,
    "f1-score": 0.8648648648648648,
    "support": 20,
    "confused_with": {}
  },
  "micro avg": {
    "precision": 0.8913043478260869,
    "recall": 0.4270833333333333,
    "f1-score": 0.5774647887323944,
    "support": 96
  },
  "macro avg": {
    "precision": 0.8470588235294118,
    "recall": 0.47025641025641024,
    "f1-score": 0.5829742786264526,
    "support": 96
  },
  "weighted avg": {
    "precision": 0.8794117647058823,
    "recall": 0.4270833333333333,
    "f1-score": 0.5572937067502285,
    "support": 96
  }
}