{
  "lab_assignment_help": {
    "precision": 0.875,
    "recall": 0.9333333333333333,
    "f1-score": 0.9032258064516129,
    "support": 15,
    "confused_with": {
      "compilation_error": 1
    }
  },
  "compilation_error": {
    "precision": 0.9375,
    "recall": 0.9375,
    "f1-score": 0.9375,
    "support": 16,
    "confused_with": {
      "runtime_error": 1
    }
  },
  "greet": {
    "precision": 0.75,
    "recall": 0.75,
    "f1-score": 0.75,
    "support": 12,
    "confused_with": {
      "goodbye": 3
    }
  },
  "installation": {
    "precision": 0.8571428571428571,
    "recall": 0.9230769230769231,
    "f1-score": 0.888888888888889,
    "support": 13,
    "confused_with": {
      "determine_os": 1
    }
  },
  "runtime_error": {
    "precision": 0.9565217391304348,
    "recall": 1.0,
    "f1-score": 0.9777777777777777,
    "support": 22,
    "confused_with": {}
  },
  "goodbye": {
    "precision": 0.6666666666666666,
    "recall": 0.6666666666666666,
    "f1-score": 0.6666666666666666,
    "support": 9,
    "confused_with": {
      "greet": 2,
      "handout": 1
    }
  },
  "determine_os": {
    "precision": 0.8333333333333334,
    "recall": 0.625,
    "f1-score": 0.7142857142857143,
    "support": 8,
    "confused_with": {
      "installation": 2,
      "greet": 1
    }
  },
  "submission": {
    "precision": 1.0,
    "recall": 1.0,
    "f1-score": 1.0,
    "support": 11,
    "confused_with": {}
  },
  "determine_compilation_error_message": {
    "precision": 1.0,
    "recall": 1.0,
    "f1-score": 1.0,
    "support": 6,
    "confused_with": {}
  },
  "handout": {
    "precision": 0.95,
    "recall": 0.9047619047619048,
    "f1-score": 0.9268292682926829,
    "support": 21,
    "confused_with": {
      "lab_assignment_help": 2
    }
  },
  "determine_runtime_error_message": {
    "precision": 1.0,
    "recall": 1.0,
    "f1-score": 1.0,
    "support": 10,
    "confused_with": {}
  },
  "accuracy": 0.9020979020979021,
  "macro avg": {
    "precision": 0.8932876905702993,
    "recall": 0.8854853479853481,
    "f1-score": 0.8877431020330313,
    "support": 143
  },
  "weighted avg": {
    "precision": 0.901594420072681,
    "recall": 0.9020979020979021,
    "f1-score": 0.9006486301529574,
    "support": 143
  }
}