{
  "compilation_error": {
    "precision": 0.8666666666666667,
    "recall": 1.0,
    "f1-score": 0.9285714285714286,
    "support": 26,
    "confused_with": {}
  },
  "runtime_error": {
    "precision": 1.0,
    "recall": 1.0,
    "f1-score": 1.0,
    "support": 50,
    "confused_with": {}
  },
  "os": {
    "precision": 0.0,
    "recall": 0.0,
    "f1-score": 0.0,
    "support": 20,
    "confused_with": {}
  },
  "micro avg": {
    "precision": 0.95,
    "recall": 0.7916666666666666,
    "f1-score": 0.8636363636363635,
    "support": 96
  },
  "macro avg": {
    "precision": 0.6222222222222222,
    "recall": 0.6666666666666666,
    "f1-score": 0.6428571428571429,
    "support": 96
  },
  "weighted avg": {
    "precision": 0.7555555555555555,
    "recall": 0.7916666666666666,
    "f1-score": 0.7723214285714285,
    "support": 96
  }
}